,precision,recall,f_score,ndcg,dprecision,drecall,df_score,dndcg,topic_cover
0.0,0.5642201900482178,0.1503879874944687,0.2374795550381231,0.6067312955856323,0.03221869468688965,0.014638572931289673,0.021096964851067462,0.028733491897583008,21.904815673828125
0.05,0.5629587173461914,0.14883945882320404,0.23543456558192144,0.6020815372467041,0.03864121437072754,0.02362130582332611,0.03289240946312261,0.034552574157714844,22.270641326904297
0.1,0.5508027672767639,0.14757086336612701,0.2327777050619286,0.5927233099937439,0.02434438467025757,0.01404687762260437,0.01963642992748796,0.02442336082458496,22.480504989624023
0.15000000000000002,0.5566514134407043,0.14817039668560028,0.23404420901484288,0.5995436906814575,0.025339901447296143,0.016404837369918823,0.0226837034441002,0.02876293659210205,22.528669357299805
0.2,0.5692660212516785,0.15212300419807434,0.2400894263322036,0.6113601326942444,0.021978914737701416,0.013943701982498169,0.019306176837909916,0.02065521478652954,22.22591781616211
